"trait","n_lines","yr_range","slope","slope_se","intercept","R2","p_value","grand_mean","gain_pct_yr","sig_label"
"DS",100,"2006–2027",-0.00305866538945876,0.00109140738016905,7.62112722371942,0.0741964191257825,0.00611217020281117,1.44087969774073,-0.212277638046721,"**"
"DTE",100,"2006–2027",-1.68215703440086e-16,4.16680322426303e-16,13.8057769105962,0.498955273463734,0.687309608197459,13.8057769105959,-1.21844431160539e-15,"ns"
"DTF",100,"2006–2027",0.0967759595202925,0.0215735293271299,-142.982785136615,0.170356273344545,1.97766082101275e-05,52.5598153913027,0.184125379436371,"***"
"DTM",100,"2006–2027",0.0556235760472291,0.0215108022008456,-23.7563388685378,0.0638724465374411,0.0111854679257859,88.634990185212,0.0627557761680775,"*"
"PRT",100,"2006–2027",-0.016553405685477,0.0134819004557665,58.0429231946494,0.0151501328132113,0.222453850326518,24.5956082687451,-0.0673022821985349,"ns"
"RepP",100,"2006–2027",-0.0202290309312607,0.0158142816114952,77.8163435628253,0.0164222939395826,0.20386045982822,36.9421705340479,-0.0547586420581772,"ns"
"VegP",100,"2006–2027",0.0946473553379422,0.0211990276174492,-152.670645813385,0.169023713855223,2.14706483297971e-05,38.5709609618008,0.245385007212232,"***"
"YLD",100,"2006–2027",9.19134942545813,1.8485318968295,-17641.837524232,0.201454971991334,2.81840286613148e-06,929.9273843659,0.988394317662291,"***"
"lodging",100,"2006–2027",-0.0245142762050082,0.00931935611759998,52.5781424512327,0.065949373641815,0.00990343806449778,3.04533137967921,-0.804978938206407,"**"
